articleId,productCode,departmentNo,prodName,productTypeName,graphicalAppearanceNo,graphicalAppearanceName,colourGroupCode,colourGroupName
108775015,108775,1676,Strap top,Vest top,1010016,Solid,9,Black
108775044,108775,1676,Strap top,Vest top,1010016,Solid,10,White
110065001,110065,1339,OP T-shirt (Idro),Bra,1010016,Solid,9,Black
111565001,111565,3608,20 den 1p Stockings,Underwear Tights,1010016,Solid,9,Black
111586001,111586,3608,Shape Up 30 den 1p Tights,Leggings/Tights,1010016,Solid,9,Black
111593001,111593,3608,Support 40 den 1p Tights,Underwear Tights,1010016,Solid,9,Black
111609001,111609,3608,200 den 1p Tights,Underwear Tights,1010016,Solid,9,Black
118458004,118458,5883,Jerry jogger bottoms,Trousers,1010010,Melange,7,Grey
118458029,118458,5883,Jerry jogger bottoms,Trousers,1010010,Melange,8,Dark Grey
120129001,120129,2032,Babette long,Leggings/Tights,1010016,Solid,9,Black
120129014,120129,2032,Babette long,Leggings/Tights,1010010,Melange,9,Black
123173001,123173,3608,Control Top 50 den 1p Tights,Leggings/Tights,1010016,Solid,9,Black
129085001,129085,1676,Pirate Leggings (1),Leggings/Tights,1010016,Solid,9,Black
129085026,129085,1676,Pirate Leggings (1),Leggings/Tights,1010016,Solid,10,White
129085027,129085,1676,Pirate Leggings (1),Leggings/Tights,1010010,Melange,7,Grey
130035001,130035,3419,Black Umbrella,Umbrella,1010016,Solid,9,Black
146706001,146706,6515,Tanktop body white 3PACK,Bodysuit,1010016,Solid,10,White
146721002,146721,4342,Hair Ring,Hair string,1010016,Solid,3,Silver
148033001,148033,3608,Nouvelle 1p Stay Up,Leggings/Tights,1010016,Solid,9,Black
153115019,153115,1339,OP Strapless^,Bra,1010016,Solid,9,Black
153115020,153115,1339,OP Strapless^,Bra,1010016,Solid,12,Light Beige
153115039,153115,1339,OP Strapless^,Bra,1010016,Solid,53,Dark Pink
156227001,156227,3608,Box 4p Kneehighs,Underwear Tights,1010016,Solid,9,Black
156231001,156231,3608,Box 4p Tights,Underwear Tights,1010016,Solid,9,Black
158340001,158340,3608,Highwaist 30 den 1p Tights,Leggings/Tights,1010016,Solid,9,Black
160442007,160442,3611,3p Sneaker Socks,Socks,1010016,Solid,9,Black
160442010,160442,3611,3p Sneaker Socks,Socks,1010016,Solid,10,White
160442043,160442,3611,3p Sneaker Socks,Socks,1010010,Melange,6,Light Grey
176209040,176209,5283,Mr Harrington w/hood,Hoodie,1010016,Solid,73,Dark Blue
179123001,179123,1676,Long Leggings,Leggings/Tights,1010016,Solid,9,Black
179208001,179208,3608,Control Top 100 den 1p Tights,Leggings/Tights,1010016,Solid,9,Black
179950001,179950,3509,Austin basic leather hip belt,Belt,1010016,Solid,9,Black
179950017,179950,3509,Austin basic leather hip belt,Belt,1010016,Solid,9,Black
181448022,181448,3937,Jenny 5-pack,Socks,1010016,Solid,9,Black
181448103,181448,3937,Jenny 5-pack,Socks,1010017,Stripe,50,Other Pink
181448109,181448,3937,Jenny 5-pack,Socks,1010006,Dot,22,Yellow
182909001,182909,3608,Fleece 1 p tights,Leggings/Tights,1010016,Solid,9,Black
186262001,186262,4343,4p Claw,Hair clip,1010016,Solid,9,Black
186262006,186262,4343,4p Claw,Hair clip,1010016,Solid,15,Greyish Beige
186266004,186266,4343,10p Basic Terry,Hair string,1010016,Solid,9,Black
186267001,186267,4343,12p Claw,Hair clip,1010016,Solid,9,Black
186372011,186372,1676,Harem trousers,Trousers,1010016,Solid,9,Black
186372045,186372,1676,Harem trousers,Trousers,1010001,All over pattern,73,Dark Blue
188183001,188183,4242,Spanx alot shape Swimsuit,Swimsuit,1010016,Solid,9,Black
188183015,188183,4242,Spanx alot Swimsuit,Swimsuit,1010016,Solid,93,Dark Green
188183016,188183,4242,Spanx alot Swimsuit,Swimsuit,1010017,Stripe,9,Black
188183021,188183,4242,Spanx alot Swimsuit,Swimsuit,1010016,Solid,42,Red
188183022,188183,4242,Spanx alot Swimsuit,Swimsuit,1010001,All over pattern,12,Light Beige
189616001,189616,1643,Tina leggings,Leggings/Tights,1010016,Solid,9,Black
189616006,189616,1643,Heavy jsy long leg,Leggings/Tights,1010020,Contrast,9,Black
189616007,189616,1643,Heavy jsy long leg,Leggings/Tights,1010020,Contrast,9,Black
189616008,189616,1643,Heavy jsy long leg,Leggings/Tights,1010020,Contrast,9,Black
189616014,189616,1643,Heavy jsy long leg,Leggings/Tights,1010020,Contrast,9,Black
189616028,189616,1643,Heavy jsy long leg,Leggings/Tights,1010018,Treatment,9,Black
189616038,189616,1643,Heavy jsy long leg,Leggings/Tights,1010016,Solid,8,Dark Grey
189626001,189626,1643,Jodi skirt,Skirt,1010016,Solid,9,Black
189634001,189634,1643,Long Leg Leggings,Leggings/Tights,1010016,Solid,9,Black
189654001,189654,1643,Raven skirt,Skirt,1010016,Solid,9,Black
190021021,190021,3611,Basic 5p Minishaftless,Socks,1010016,Solid,13,Beige
194037001,194037,3608,Fleece leggings 1 p,Leggings/Tights,1010016,Solid,9,Black
198714001,198714,2032,Babette cropped,Leggings/Tights,1010016,Solid,9,Black
200182001,200182,3608,40 den 2p Tights,Underwear Tights,1010016,Solid,9,Black
201219001,201219,3608,Heavy plain 2 p tights,Underwear Tights,1010016,Solid,9,Black
201219003,201219,3608,Heavy plain 2 p tights,Underwear Tights,1010010,Melange,7,Grey
205225001,205225,4242,PICKUP ARTIST top,Bikini top,1010016,Solid,9,Black
212629004,212629,1643,Alcazar strap dress,Dress,1010016,Solid,9,Black
212629035,212629,1643,Alcazar strap dress,Dress,1010016,Solid,42,Red
212629040,212629,1643,Alcazar strap dress,Dress,1010016,Solid,43,Dark Red
212629043,212629,1643,Alcazar strap dress,Dress,1010016,Solid,42,Red
212629048,212629,1643,Alcazar strap dress,Dress,1010016,Solid,53,Dark Pink
212629051,212629,1643,Alcazar strap dress,Dress,1010017,Stripe,10,White
212766045,212766,5683,Dean Drawstring Trousers.,Trousers,1010016,Solid,8,Dark Grey
214844001,214844,4343,30p pins,Hair clip,1010016,Solid,9,Black
214844002,214844,4343,30p pins,Hair clip,1010016,Solid,15,Greyish Beige
214844003,214844,4343,30p pins,Hair clip,1010016,Solid,5,Gold
215303001,215303,8888,Coolio sunglasses,Sunglasses,1010016,Solid,17,Yellowish Brown
215303002,215303,8888,Coolio sunglasses,Sunglasses,1010016,Solid,9,Black
215589002,215589,3608,Mama 40 den 2p Tights,Underwear Tights,1010010,Melange,9,Black
216081011,216081,5963,Norling Knit,Cardigan,1010010,Melange,8,Dark Grey
217727002,217727,3610,Polly 3p minishaftless,Socks,1010016,Solid,13,Beige
217727003,217727,3610,Polly 3p minishaftless,Socks,1010016,Solid,9,Black
218829002,218829,3519,Paris glove.,Gloves,1010016,Solid,9,Black
219075014,219075,5656,Billy cargo pants,Trousers,1010016,Solid,8,Dark Grey
219075021,219075,5656,Billy cargo pants,Trousers,1010016,Solid,9,Black
220094001,220094,1676,Aguilera maxidress,Dress,1010016,Solid,9,Black
220094010,220094,1676,Aguilera maxidress,Dress,1010016,Solid,19,Greenish Khaki
220094011,220094,1676,Aguilera maxidress,Dress,1010017,Stripe,73,Dark Blue
220094015,220094,1676,Aguilera maxidress,Dress,1010001,All over pattern,12,Light Beige
224606019,224606,3509,Flora hip belt (1),Belt,1010016,Solid,9,Black
224606031,224606,3509,Flora hip belt (1),Belt,1010009,Glittering/Metallic,5,Gold
225784001,225784,7930,HARLEY 2-pack basic tee,T-shirt,1010016,Solid,9,Black
228257001,228257,3608,20 den 2p Tights,Underwear Tights,1010016,Solid,9,Black
228257005,228257,3608,20 den 2p Tights,Underwear Tights,1010016,Solid,8,Dark Grey
234421001,234421,3608,Mama 200 den Tights,Underwear Tights,1010016,Solid,9,Black
234432002,234432,3608,Push Up 30 den 1p Tights,Underwear Tights,1010016,Solid,13,Beige
237347004,237347,1676,Theron,Hoodie,1010016,Solid,9,Black
237347040,237347,1676,Theron,Hoodie,1010010,Melange,71,Light Blue
237347045,237347,1676,Theron (1),Hoodie,1010016,Solid,10,White
237347052,237347,1676,Theron,Hoodie,1010016,Solid,31,Light Orange
237347053,237347,1676,Theron,Hoodie,1010016,Solid,19,Greenish Khaki
240561001,240561,3608,Support 70 den 1p Tights,Underwear Tights,1010016,Solid,9,Black
241412038,241412,1649,AOP Leggings,Leggings/Tights,1010001,All over pattern,33,Dark Orange
243937001,243937,3611,Straight Edge 5p Socks,Socks,1010016,Solid,9,Black
243937024,243937,3611,Straight Edge 5p Socks,Socks,1010010,Melange,13,Beige
244267027,244267,1626,Silver lake,Sweater,1010026,Other structure,14,Dark Beige
244267032,244267,1626,Silver lake,Sweater,1010013,Other pattern,9,Black
251510001,251510,3608,Push up 70 den 1p Tights,Underwear Tights,1010016,Solid,9,Black
252298002,252298,5961,Didi denim,Trousers,1010016,Solid,9,Black
252298006,252298,5961,Danae jeans,Trousers,1010016,Solid,43,Dark Red
252298014,252298,1649,Danae jeans,Trousers,1010016,Solid,10,White
253176016,253176,4242,PICKUP ARTIST cheeky brief,Swimwear bottom,1010026,Other structure,9,Black
253448001,253448,1339,OP Push Melbourne^,Bra,1010016,Solid,9,Black
253448002,253448,1339,OP Push Melbourne^,Bra,1010016,Solid,10,White
253448003,253448,1339,OP Push Melbourne^,Bra,1010016,Solid,12,Light Beige
254940026,254940,1722,Elsa high waist,Trousers,1010018,Treatment,9,Black
256151015,256151,5961,Superstretch Fancy denim,Trousers,1010018,Treatment,8,Dark Grey
258650001,258650,3929,Berlin boot,Boots,1010016,Solid,9,Black
264984001,264984,1676,Billie,Top,1010016,Solid,9,Black
265630004,265630,3610,Invisible 3p minishaftless,Socks,1010016,Solid,9,Black
265630006,265630,3610,Invisible 3p minishaftless,Socks,1010016,Solid,12,Light Beige
266875001,266875,3610,Sportsneaker 3p socks,Socks,1010016,Solid,9,Black
266875006,266875,3610,Sportsneaker 3p socks,Socks,1010016,Solid,10,White
266875024,266875,3611,Sportsneaker 3p socks,Socks,1010016,Solid,52,Pink
270375001,270375,8888,Sandra squared,Sunglasses,1010016,Solid,9,Black
270375004,270375,8888,Sandra squared,Sunglasses,1010016,Solid,13,Beige
270375006,270375,8888,Sandra squared,Sunglasses,1010010,Melange,12,Light Beige
270381001,270381,8888,Clubba sunglasses,Sunglasses,1010016,Solid,17,Yellowish Brown
270381007,270381,8888,Clubba sunglasses,Sunglasses,1010016,Solid,52,Pink
278811002,278811,3710,Hilly Biker 2pk LT,Underwear bottom,1010016,Solid,9,Black
278811006,278811,3710,Hilly Biker 2pk HW LS,Underwear bottom,1010016,Solid,9,Black
278811007,278811,3710,Hilly Biker 2pk LT,Underwear bottom,1010016,Solid,12,Light Beige
282832015,282832,8558,Kevin softshell jacket (1),Jacket,1010001,All over pattern,9,Black
293433026,293433,7921,2-p basic cotton tights SG,Underwear Tights,1010016,Solid,73,Dark Blue
293510001,293510,7931,2-p basic cotton tights BG,Underwear Tights,1010016,Solid,10,White
293510009,293510,7931,2-p basic tights BG,Underwear Tights,1010010,Melange,7,Grey
294008002,294008,1919,HM+ Cora tee,Costumes,1010016,Solid,9,Black
294008050,294008,1919,Cora T-shirt,T-shirt,1010006,Dot,10,White
294008056,294008,1919,HM+ Cora tee,T-shirt,1010016,Solid,19,Greenish Khaki
294076007,294076,2031,Skinny Shaping,Trousers,1010016,Solid,9,Black
296476012,296476,7932,DIVA ROBE,Robe,1010001,All over pattern,10,White
297067002,297067,3608,Small dot 1p Tights,Leggings/Tights,1010016,Solid,9,Black
297078001,297078,3608,Heavy Chain 1p Tights,Underwear Tights,1010001,All over pattern,9,Black
297078002,297078,3608,Heavy Chain 1p Tights,Underwear Tights,1010010,Melange,9,Black
299768002,299768,9985,Peder knitted glove,Gloves,1010016,Solid,9,Black
300024006,300024,2031,Super skinny denim,Trousers,1010023,Denim,8,Dark Grey
300024013,300024,2031,Superskinny,Trousers,1010023,Denim,72,Blue
300024016,300024,2031,Superskinny,Trousers,1010023,Denim,73,Dark Blue
300024042,300024,2031,Superskinny,Trousers,1010023,Denim,73,Dark Blue
300908004,300908,5960,Freja Coat,Jacket,1010016,Solid,8,Dark Grey
301227002,301227,7188,10pk basic R socks,Socks,1010016,Solid,9,Black
301656013,301656,1773,Shirtdress Lou,Dress,1010023,Denim,72,Blue
301656017,301656,1773,Shirtdress Lou,Dress,1010023,Denim,92,Green
301656018,301656,1779,Lou Shirt Dress,Dress,1010016,Solid,72,Blue
301656026,301656,1773,Shirtdress Lou,Dress,1010023,Denim,72,Blue
304778011,304778,3611,Cosy 1p Lounge sock,Socks,1010001,All over pattern,10,White
304786006,304786,3610,Traditional 2p Heavy Socks,Socks,1010001,All over pattern,51,Light Pink
305304008,305304,1745,Boy Denim Shorts,Shorts,1010016,Solid,71,Light Blue
305304010,305304,1745,Boy Denim Shorts,Shorts,1010016,Solid,72,Blue
305775003,305775,7921,Lurex tights SG,Underwear Tights,1010016,Solid,42,Red
305931001,305931,3608,Fake 1p Leggings,Leggings/Tights,1010016,Solid,9,Black
307239004,307239,3710,Hilly Brief 2pk LT,Underwear bottom,1010016,Solid,12,Light Beige
307239005,307239,3710,Hilly Brief 2pk HW LS,Underwear bottom,1010016,Solid,9,Black
307656020,307656,1643,Maria Shorts,Shorts,1010010,Melange,52,Pink
309864002,309864,8956,Skinny Cheapo 89,Trousers,1010016,Solid,9,Black
309864013,309864,8956,Skinny Cheapo 89,Trousers,1010023,Denim,6,Light Grey
312543001,312543,5961,Biker Leggings (1),Leggings/Tights,1010018,Treatment,9,Black
312878001,312878,5960,Pablo coat,Coat,1010016,Solid,9,Black
315509024,315509,9985,Wolf Scarf,Scarf,1010010,Melange,17,Yellowish Brown
315795001,315795,9986,Braces Tweed 3-Clip,Other accessories,1010013,Other pattern,17,Yellowish Brown
316085001,316085,1643,Peggy polo,Polo shirt,1010016,Solid,9,Black
316085002,316085,1643,Peggy polo,Polo shirt,1010010,Melange,7,Grey
316441001,316441,1676,Lee (1),Top,1010016,Solid,9,Black
316441011,316441,1676,Lee (1),Top,1010010,Melange,8,Dark Grey
316441024,316441,1676,Lee (1),Top,1010017,Stripe,9,Black
316441025,316441,1676,Lee (1),Top,1010010,Melange,43,Dark Red
316441036,316441,1676,Lee (1),Top,1010017,Stripe,11,Off White
316441038,316441,1676,Lee (1),Top,1010010,Melange,72,Blue
318035018,318035,3419,Classic Clear umbrella,Umbrella,1010006,Dot,10,White
318066004,318066,3945,KIMBERLY Braided Headband,Hat/beanie,1010016,Solid,9,Black
318066014,318066,3945,KIMBERLY Braided Headband,Hat/beanie,1010010,Melange,11,Off White
318951024,318951,6515,Basic LS t-shirt,T-shirt,1010017,Stripe,81,Light Turquoise
322017003,322017,3419,Mini Umbrella,Umbrella,1010016,Solid,9,Black
322322012,322322,9985,Beanie Pelle wool mix,Hat/beanie,1010016,Solid,73,Dark Blue
324502001,324502,3519,Hawlin Headband,Hat/beanie,1010016,Solid,9,Black
324946001,324946,3608,Control Top 200 den 1p Tights,Underwear Tights,1010016,Solid,9,Black
324963007,324963,3419,Classic PU sunglasscase,Other accessories,1010001,All over pattern,12,Light Beige
324963030,324963,3419,Classic PU sunglasscase,Other accessories,1010016,Solid,51,Light Pink
325087002,325087,1334,Kelly (Melbourne) PUSH 2p,Bra,1010016,Solid,10,White
325087043,325087,1334,Kelly (Melbourne) PUSH 2p,Bra,1010016,Solid,51,Light Pink
325542015,325542,3709,Nina Nightshirt (W),Robe,1010004,Check,10,White
327310002,327310,1444,Alicia wrap skirt,Skirt,1010016,Solid,9,Black
327821034,327821,7920,MALAGA 2-P,Leggings/Tights,1010016,Solid,50,Other Pink
333323030,333323,6541,Basic rolltops 3PACK,Socks,1010016,Solid,6,Light Grey
337777004,337777,8757,Easy iron L/S shirt  TP,Shirt,1010016,Solid,9,Black
337991002,337991,7389,Sigge Dressed Belt,Belt,1010016,Solid,33,Dark Orange
338400001,338400,3710,Hilly Thong 2pk,Underwear bottom,1010016,Solid,9,Black
341242001,341242,8615,Dave waistcoat,Tailored Waistcoat,1010016,Solid,9,Black
341242009,341242,8615,Dave waistcoat,Tailored Waistcoat,1010010,Melange,8,Dark Grey
341242019,341242,8615,Dave waistcoat,Tailored Waistcoat,1010016,Solid,8,Dark Grey
341452001,341452,1338,Venice molly padded softbra,Bra,1010016,Solid,9,Black
341782018,341782,5828,RILEY T-SHIRT,T-shirt,1010018,Treatment,9,Black
341782022,341782,5828,RILEY T-SHIRT,T-shirt,1010018,Treatment,73,Dark Blue
341782032,341782,5828,RILEY T-SHIRT,T-shirt,1010018,Treatment,53,Dark Pink
341782043,341782,5828,RILEY T-SHIRT,T-shirt,1010018,Treatment,73,Dark Blue
342060001,342060,3608,Heavy plain Overknee 1p Tights,Underwear Tights,1010016,Solid,9,Black
344956009,344956,3419,Flirty Romi waterbottle,Other accessories,1010006,Dot,51,Light Pink
345922004,345922,9985,Erling Necktube,Scarf,1010016,Solid,9,Black
347200001,347200,7389,Bo Dressed Belt,Belt,1010016,Solid,9,Black
347975001,347975,6515,2PACK SS Body TVP,Bodysuit,1010016,Solid,10,White
348330027,348330,6515,Tanktop body Mixed 2p,Bodysuit,1010001,All over pattern,7,Grey
349080001,349080,3608,Block 1p Overknee,Underwear Tights,1010005,Colour blocking,9,Black
349301001,349301,3527,GLASSIG ESPADRILLE,Ballerinas,1010016,Solid,9,Black
349301030,349301,3527,GLASSIG ESPADRILLE,Ballerinas,1010001,All over pattern,22,Yellow
350911002,350911,9986,Bowtie Kalle,Tie,1010016,Solid,73,Dark Blue
351462009,351462,4242,LAZER RAZER bandeau,Bikini top,1010016,Solid,42,Red
351484002,351484,4242,Lazer Razer Brief,Swimwear bottom,1010016,Solid,9,Black
351484026,351484,4242,Lazer Razer Brief,Swimwear bottom,1010017,Stripe,71,Light Blue
351484027,351484,4242,Lazer Razer Brief,Swimwear bottom,1010016,Solid,42,Red
351484033,351484,4242,Lazer Razer Brief,Swimwear bottom,1010026,Other structure,10,White
351484034,351484,4242,Lazer Razer Brief,Swimwear bottom,1010001,All over pattern,10,White
351484039,351484,4242,Lazer Razer Brief,Swimwear bottom,1010016,Solid,71,Light Blue
351484041,351484,4242,Lazer Razer Brief,Swimwear bottom,1010016,Solid,21,Light Yellow
351484042,351484,4242,Lazer Razer Brief,Swimwear bottom,1010016,Solid,42,Red
351933029,351933,1334,Kelly Lace Padded Idro 2p,Bra,1010016,Solid,12,Light Beige
351933051,351933,1334,Kelly Lace Padded Idro 2p,Bra,1010016,Solid,12,Light Beige
351933052,351933,1334,Kelly Lace Padded Idro 2p,Bra,1010016,Solid,52,Pink
355072001,355072,1643,Anita Tank (1),Vest top,1010016,Solid,9,Black
355072002,355072,1643,Anita Tank (1),Vest top,1010016,Solid,10,White
355307053,355307,1676,Moa tanktop,Vest top,1010010,Melange,7,Grey
355569001,355569,1643,Nicky Long,Vest top,1010016,Solid,9,Black
355569002,355569,1643,Nicky Long,Vest top,1010016,Solid,10,White
355569005,355569,1643,Nicky Long,Vest top,1010010,Melange,53,Dark Pink
355569011,355569,1643,Nicky Long,Vest top,1010010,Melange,19,Greenish Khaki
355569043,355569,1643,Nicky Long,Vest top,1010017,Stripe,10,White
356289005,356289,1444,JESSY SKIRT,Skirt,1010016,Solid,9,Black
356289075,356289,1444,JESSY SKIRT,Skirt,1010016,Solid,9,Black
357751003,357751,4344,Basic Endless hoop,Earring,1010016,Solid,31,Light Orange
357792003,357792,8888,Alessa cat sunglasses,Sunglasses,1010019,Transparent,31,Light Orange
358483007,358483,5963,Stressan light knit jumper,Sweater,1010016,Solid,19,Greenish Khaki
359504016,359504,3709,Viola trs (W),Pyjama bottom,1010017,Stripe,72,Blue
365439058,365439,8560,Lawrence training sock,Socks,1010022,Jacquard,9,Black
368038011,368038,4343,Biq Square Claw,Hair clip,1010011,Metallic,31,Light Orange
369796004,369796,8888,John sunglasses,Sunglasses,1010016,Solid,31,Light Orange
369796007,369796,8888,John sunglasses,Sunglasses,1010016,Solid,93,Dark Green
369796027,369796,8888,Cool Metal John Round,Sunglasses,1010016,Solid,91,Light Green
369796032,369796,8888,John sunglasses,Sunglasses,1010016,Solid,4,Bronze/Copper
370594021,370594,8888,Saya sunglasses,Sunglasses,1010016,Solid,9,Black
372008001,372008,1676,Halter,Vest top,1010016,Solid,9,Black
372860001,372860,3611,7p Basic Shaftless,Socks,1010016,Solid,9,Black
372860002,372860,3611,7p Basic Shaftless,Socks,1010016,Solid,10,White
372860024,372860,3611,Basic 7p Shaftless,Socks,1010010,Melange,6,Light Grey
372860041,372860,3611,Basic 7p Shaftless,Socks,1010010,Melange,8,Dark Grey
372860051,372860,3611,Basic 7p Shaftless,Socks,1010010,Melange,43,Dark Red
372860068,372860,3611,Basic 7p Shaftless,Socks,1010010,Melange,52,Pink
372860069,372860,3611,Basic 7p Shaftless,Socks,1010010,Melange,71,Light Blue
373506001,373506,3610,Trainer 3p sock,Socks,1010016,Solid,9,Black
373506004,373506,3610,Trainer 3p sock,Socks,1010016,Solid,10,White
373506008,373506,3610,Trainer 3p sock,Socks,1010010,Melange,6,Light Grey
373506026,373506,3611,Trainer 3p sock,Socks,1010001,All over pattern,10,White
375585027,375585,5868,Sigge shorts,Trousers,1010016,Solid,9,Black
376172001,376172,8888,Karla sunglasses,Sunglasses,1010016,Solid,17,Yellowish Brown
377277001,377277,1643,Svea Cropped Tank,Vest top,1010016,Solid,9,Black
377277018,377277,1643,Svea Cropped Tank,Vest top,1010016,Solid,21,Light Yellow
377277036,377277,1643,Svea Cropped Tank,Vest top,1010020,Contrast,13,Beige
377277037,377277,1643,Svea Cropped Tank,Vest top,1010017,Stripe,73,Dark Blue
377436002,377436,3419,Flirty Real flower shell,Other accessories,1010001,All over pattern,2,Transparent
378135028,378135,5831,R-Neck Pisa TVP R,Sweater,1010010,Melange,73,Dark Blue
378135033,378135,5831,R-Neck Pisa TVP R,Sweater,1010016,Solid,43,Dark Red
378135034,378135,5831,R-Neck Pisa TVP R,Sweater,1010010,Melange,14,Dark Beige
378447002,378447,5831,V-Neck Milan TVP,Sweater,1010010,Melange,8,Dark Grey
378447034,378447,5831,V-Neck Milan,Sweater,1010003,Argyle,93,Dark Green
378447036,378447,5831,V-Neck Milan TVP,Sweater,1010010,Melange,73,Dark Blue
381038018,381038,1643,Cori cropped hood,Hoodie,1010016,Solid,93,Dark Green
381038026,381038,1643,Cori cropped hood,Hoodie,1010010,Melange,31,Light Orange
383152002,383152,1339,Henric Superpush,Bra,1010016,Solid,9,Black
383152003,383152,1339,Henric Superpush,Bra,1010016,Solid,12,Light Beige
383569009,383569,1666,SPEED Pavlova dress,Dress,1010016,Solid,52,Pink
384851013,384851,1643,Sage Shorts,Shorts,1010010,Melange,7,Grey
386463014,386463,4344,Cool Betty earring pk,Earring,1010016,Solid,43,Dark Red
386678001,386678,3209,Big Arjuna crossbag,Bag,1010016,Solid,9,Black
386681018,386681,1920,Mini cross bag,Bag,1010016,Solid,33,Dark Orange
387348020,387348,8394,Thales printed tanktop,Vest top,1010001,All over pattern,32,Orange
390512018,390512,3519,Haddock Beanie,Hat/beanie,1010016,Solid,6,Light Grey
392220001,392220,9986,Tie Mini Dot,Tie,1010006,Dot,73,Dark Blue
392269011,392269,5828,CORBY TANK,Vest top,1010018,Treatment,72,Blue
392269014,392269,5828,CORBY TANK,Vest top,1010018,Treatment,73,Dark Blue
392938035,392938,8617,TD Hugo Stretch PQ,Shirt,1010016,Solid,71,Light Blue
393447016,393447,1244,Leia Parka,Jacket,1010016,Solid,19,Greenish Khaki
393772021,393772,5683,Sonny Pants.,Trousers,1010001,All over pattern,19,Greenish Khaki
395127011,395127,8617,CA Gustavsberg TVP,Shirt,1010016,Solid,71,Light Blue
395575001,395575,3710,Emily Brief,Underwear bottom,1010021,Lace,9,Black
395575002,395575,3710,Emily Brief,Underwear bottom,1010016,Solid,12,Light Beige
395658031,395658,7920,MIA,Trousers,1010025,Slub,51,Light Pink
395658035,395658,7920,MIA (1),Trousers,1010016,Solid,73,Dark Blue
396135007,396135,1676,Glamping,Shorts,1010016,Solid,9,Black
396135008,396135,1676,Glamping,Shorts,1010010,Melange,7,Grey
396135048,396135,1676,Glamping,Shorts,1010016,Solid,73,Dark Blue
396135049,396135,1676,Glamping,Shorts,1010016,Solid,13,Beige
397068001,397068,5672,Skinny L.W Bargain (1),Trousers,1010016,Solid,72,Blue
397068014,397068,5672,Skinny L.W Bargain (1),Trousers,1010016,Solid,7,Grey
397068015,397068,5672,Skinny L.W Bargain (1),Trousers,1010023,Denim,9,Black
397688006,397688,5673,R.W Shorts Cut Off,Shorts,1010023,Denim,73,Dark Blue
398074048,398074,2032,Sara 3/4,T-shirt,1010017,Stripe,73,Dark Blue
399061008,399061,1201,Jacket Slim,Jacket,1010023,Denim,71,Light Blue
399061011,399061,1779,Jacket Slim,Jacket,1010023,Denim,72,Blue
399061015,399061,1201,Jacket Slim,Jacket,1010023,Denim,9,Black
399061023,399061,1201,Jacket Slim (1),Jacket,1010023,Denim,10,White
399061028,399061,1201,Jacket Slim,Jacket,1010023,Denim,72,Blue
399061032,399061,1201,Jacket Slim,Jacket,1010023,Denim,9,Black
399087001,399087,1772,Super Skinny L.W Epic,Trousers,1010016,Solid,9,Black
399087010,399087,1772,Super Skinny L.W Epic,Trousers,1010023,Denim,72,Blue
399087011,399087,1772,Super Skinny L.W Epic,Trousers,1010023,Denim,7,Grey
399087014,399087,1772,S.Skinny L.W Epic,Trousers,1010023,Denim,72,Blue
399087015,399087,1772,S.Skinny L.W Epic,Trousers,1010023,Denim,73,Dark Blue
399087017,399087,1772,Super Skinny L.W Epic,Trousers,1010023,Denim,71,Light Blue
399087028,399087,1772,S.Skinny L.W Epic,Trousers,1010023,Denim,9,Black
399087029,399087,1772,S.Skinny L.W Epic,Trousers,1010023,Denim,73,Dark Blue
399087030,399087,1772,S.Skinny L.W Epic,Trousers,1010023,Denim,73,Dark Blue
399087040,399087,1772,S.Skinny L.W Epic,Trousers,1010023,Denim,10,White
399087051,399087,1772,S.Skinny L.W Epic,Trousers,1010023,Denim,9,Black
399136004,399136,1772,Shaping Skinny R.W.,Trousers,1010016,Solid,73,Dark Blue
399136009,399136,1772,Shaping Skinny R.W.,Trousers,1010016,Solid,9,Black
399136011,399136,1772,Shaping Skinny R.W,Trousers,1010016,Solid,93,Dark Green
399136023,399136,1772,Skinny Shaping R.W,Trousers,1010023,Denim,71,Light Blue
399136027,399136,1772,Shaping Skinny R.W.,Trousers,1010023,Denim,73,Dark Blue
399136033,399136,1772,Shaping Skinny R.W.,Trousers,1010023,Denim,7,Grey
399136053,399136,1772,Skinny Shaping R.W,Trousers,1010023,Denim,40,Other Red
399136061,399136,1772,Shaping Skinny R.W.,Trousers,1010023,Denim,73,Dark Blue
399136073,399136,1772,Shaping Skinny R.W,Trousers,1010023,Denim,9,Black
399201002,399201,1772,Shaping Skinny H.W,Trousers,1010023,Denim,9,Black
399201005,399201,1772,Shaping Skinny H.W,Trousers,1010016,Solid,73,Dark Blue
399201011,399201,1772,Shaping Skinny H.W,Trousers,1010023,Denim,72,Blue
399201018,399201,1772,Skinny Shaping H.W,Trousers,1010023,Denim,73,Dark Blue
399201022,399201,1772,Shaping Skinny H.W,Trousers,1010023,Denim,73,Dark Blue
399201023,399201,1772,Shaping Skinny H.W,Trousers,1010023,Denim,73,Dark Blue
399201024,399201,1772,Shaping Skinny H.W,Trousers,1010023,Denim,72,Blue
399201026,399201,1772,Shaping Skinny H.W,Trousers,1010023,Denim,9,Black
399201042,399201,1772,Shaping Skinny H.W,Trousers,1010023,Denim,8,Dark Grey
399223001,399223,1772,Curvy Jeggings HW Ankle,Trousers,1010016,Solid,9,Black
399223024,399223,1772,Jeggings H.W,Trousers,1010023,Denim,72,Blue
399223028,399223,1772,Jeggings H.W,Trousers,1010023,Denim,43,Dark Red
399223029,399223,1772,Curvy Jeggings HW Ankle,Trousers,1010023,Denim,9,Black
399223033,399223,1772,Jeggings H.W,Trousers,1010023,Denim,73,Dark Blue
399223034,399223,1772,Jeggings H.W,Trousers,1010001,All over pattern,9,Black
399223035,399223,1772,Jeggings H.W,Trousers,1010023,Denim,72,Blue
399223052,399223,1772,Jeggings H.W,Trousers,1010023,Denim,72,Blue
399223068,399223,1772,Curvy Jeggings HW Ankle,Trousers,1010023,Denim,73,Dark Blue
399256001,399256,1779,Skinny Ankle R.W Brooklyn,Trousers,1010016,Solid,9,Black
399256003,399256,1779,Skinny Ankle R.W Brooklyn,Trousers,1010016,Solid,72,Blue
399256005,399256,1779,Skinny Ankle R.W Brooklyn,Trousers,1010016,Solid,10,White
399256009,399256,1779,Skinny Ankle R.W Brooklyn,Trousers,1010023,Denim,51,Light Pink
399256013,399256,1779,Skinny Ankle R.W Brooklyn,Trousers,1010023,Denim,71,Light Blue
399256018,399256,1722,Skinny Ankle R.W Brooklyn,Trousers,1010023,Denim,72,Blue
399256019,399256,1722,Skinny Ankle R.W Brooklyn,Trousers,1010023,Denim,7,Grey
399256023,399256,1779,Skinny Ankle R.W Brooklyn,Trousers,1010023,Denim,71,Light Blue
399256030,399256,1779,Skinny Ankle R.W Brooklyn,Trousers,1010023,Denim,93,Dark Green
399256032,399256,1722,Skinny Ankle R.W Brooklyn,Trousers,1010023,Denim,73,Dark Blue
399256037,399256,1722,Skinny Ankle R.W Brooklyn,Trousers,1010023,Denim,11,Off White
400285006,400285,1772,Straight R.W,Trousers,1010023,Denim,73,Dark Blue
400285011,400285,1772,Straight R.W,Trousers,1010023,Denim,10,White
400319005,400319,1772,Boyfriend L.W.,Trousers,1010016,Solid,71,Light Blue
400342003,400342,5672,Slim 5pkt Midprice,Trousers,1010016,Solid,9,Black
400456001,400456,6515,LS Body Solid 2PACK,Bodysuit,1010016,Solid,10,White
400901004,400901,3937,KNEE HIGH SOCK,Socks,1010017,Stripe,9,Black
401044004,401044,5961,Cora Dress,Dress,1010016,Solid,9,Black
401044012,401044,5961,Cora Dress,Dress,1010018,Treatment,19,Greenish Khaki
401044019,401044,5961,Cora Dress,Dress,1010001,All over pattern,10,White
401044031,401044,5961,Cora Dress,Dress,1010001,All over pattern,13,Beige
401044032,401044,5961,Cora Dress,Dress,1010016,Solid,53,Dark Pink
403448007,403448,8768,GREG 2-p tanktop BB,Vest top,1010016,Solid,10,White
403490011,403490,8768,ELIAS basic V-neck BB 2-p,T-shirt,1010016,Solid,9,Black
403490012,403490,8768,ELIAS basic V-neck BB 2-p,T-shirt,1010016,Solid,73,Dark Blue
405887035,405887,7920,NORA,Sweater,1010010,Melange,7,Grey
405887037,405887,7920,NORA,Sweater,1010016,Solid,9,Black
406724002,406724,9986,Sunglasses Hendrix,Sunglasses,1010016,Solid,9,Black
407653001,407653,4344,Basic 9-pk studs,Earring,1010016,Solid,5,Gold
407653002,407653,4344,Basic 9-pk studs,Earring,1010016,Solid,3,Silver
407663008,407663,4344,Class Jacob studpk,Earring,1010016,Solid,9,Black
408104012,408104,5731,TD Roger eller TD Poplin 29 by,Shirt,1010016,Solid,71,Light Blue
408649007,408649,3611,Fun Chenille 2p Lounge sock,Socks,1010002,Application/3D,12,Light Beige
408664009,408664,3611,X-mas 2p Heavy Socks,Socks,1010001,All over pattern,8,Dark Grey
408664010,408664,3611,X-mas 2p Heavy Socks,Socks,1010001,All over pattern,13,Beige
408875001,408875,1643,Goldie tank top,Vest top,1010016,Solid,9,Black
408875002,408875,1643,Goldie tank top,Vest top,1010010,Melange,7,Grey
408875017,408875,1643,Goldie tank top,Vest top,1010016,Solid,10,White
408875018,408875,1643,Goldie tank top,Vest top,1010016,Solid,31,Light Orange
408875019,408875,1643,Goldie tank top,Vest top,1010016,Solid,23,Dark Yellow
408875021,408875,1643,Goldie tank top,Vest top,1010016,Solid,10,White
408875030,408875,1643,Goldie tank top,Vest top,1010016,Solid,72,Blue
410549007,410549,7932,Riga PJ,Pyjama set,1010001,All over pattern,8,Dark Grey
411413001,411413,1643,Brooke raw cut ss,T-shirt,1010016,Solid,9,Black
411569001,411569,9986,Tie Basic Solid Conscious,Tie,1010016,Solid,9,Black
412031001,412031,5956,Skinny denim 5 pkt panel,Trousers,1010018,Treatment,9,Black
413707001,413707,1649,Fancy Leggings,Leggings/Tights,1010018,Treatment,8,Dark Grey
413707022,413707,1649,Fancy Leggings,Leggings/Tights,1010018,Treatment,9,Black
413707031,413707,1649,Fancy Leggings,Leggings/Tights,1010016,Solid,9,Black
414102001,414102,9985,Mikael Glove,Gloves,1010016,Solid,9,Black
414102002,414102,9985,Mikael Glove,Gloves,1010016,Solid,8,Dark Grey
416157003,416157,5686,Bruce skinny,Trousers,1010016,Solid,9,Black
417088006,417088,1773,Jacket Trucker,Jacket,1010023,Denim,72,Blue
417951001,417951,3608,Support 20 den 1p tights,Underwear Tights,1010016,Solid,13,Beige
417951005,417951,3608,Support 20 den 1p tights,Underwear Tights,1010016,Solid,9,Black
424468004,424468,8559,Furno Tights,Trousers,1010016,Solid,9,Black
425217006,425217,4242,Leila sarong (1),Other accessories,1010016,Solid,31,Light Orange
426013023,426013,1779,Vintage Ankle H.W,Trousers,1010023,Denim,72,Blue
426013024,426013,1779,Vintage Ankle H.W,Trousers,1010023,Denim,71,Light Blue
426019007,426019,1773,Dungaree Alicia,Dungarees,1010023,Denim,71,Light Blue
426199002,426199,1334,Ellen Shortie Daisy Low 3p,Underwear bottom,1010016,Solid,9,Black
426199021,426199,1339,Ellen Shortie Daisy Low 3p,Underwear bottom,1010017,Stripe,8,Dark Grey
426541040,426541,1747,Morgan Leggings,Leggings/Tights,1010008,Front print,9,Black
427159006,427159,5672,Skinny 5pkt Premiumprice 1,Trousers,1010023,Denim,71,Light Blue
428071011,428071,1643,Ophelia L/S,Top,1010010,Melange,9,Black
428291001,428291,3945,Tigra knitted headband,Hat/beanie,1010016,Solid,9,Black
428291007,428291,3945,Tigra knitted headband,Hat/beanie,1010016,Solid,7,Grey
428291016,428291,3945,Tigra knitted headband,Hat/beanie,1010016,Solid,53,Dark Pink
428454002,428454,3944,Omega bag,Bag,1010016,Solid,17,Yellowish Brown
429313002,429313,1338,Charlotte SP Andes,Bra,1010016,Solid,9,Black
429313006,429313,1338,Charlotte SP Andes,Bra,1010016,Solid,43,Dark Red
429313017,429313,1338,Charlotte SP Andes,Bra,1010020,Contrast,9,Black
429313020,429313,1338,Charlotte SP Andes,Bra,1010016,Solid,42,Red
429322001,429322,1338,Charlotte SP N-Slip Andes,Night gown,1010016,Solid,9,Black
432566001,432566,3608,Net Tight,Underwear Tights,1010016,Solid,9,Black
433444001,433444,2032,Sara s/s 2-pack,T-shirt,1010016,Solid,10,White
436083001,436083,3710,Adhesive Bra,Bra,1010016,Solid,9,Black
436083002,436083,3710,Adhesive Bra,Bra,1010016,Solid,12,Light Beige
436083003,436083,3710,Adhesive bra NEW,Bra,1010016,Solid,31,Light Orange
436261001,436261,3608,Control Top 30 den 1p Tights,Leggings/Tights,1010016,Solid,9,Black
436570023,436570,1920,Moscow Cross Bag,Bag,1010016,Solid,53,Dark Pink
436570025,436570,3209,Moscow Cross Bag,Bag,1010016,Solid,12,Light Beige
437783003,437783,8768,FOLKE funnelneck hoodie BB,Hoodie,1010016,Solid,9,Black
439793010,439793,2032,Jordan,T-shirt,1010016,Solid,9,Black
440811001,440811,5962,Lydon Cardigan,Cardigan,1010016,Solid,9,Black
440811023,440811,5962,Lydon Cardigan,Cardigan,1010010,Melange,7,Grey
441386004,441386,5882,Jonte Slim Jogger 24.99:-,Trousers,1010010,Melange,7,Grey
441386008,441386,5882,Jonte Slim Jogger 24.99:-,Trousers,1010010,Melange,8,Dark Grey
442786001,442786,2031,Issa shorts,Shorts,1010023,Denim,71,Light Blue
442786005,442786,2031,Issa shorts,Shorts,1010023,Denim,73,Dark Blue
442915001,442915,2032,Dina,Trousers,1010016,Solid,9,Black
443262015,443262,5832,Frank Tank,Vest top,1010018,Treatment,9,Black
443262016,443262,5832,Frank Tank,Vest top,1010016,Solid,10,White
443262018,443262,5832,Frank Tank,Vest top,1010016,Solid,93,Dark Green
443696020,443696,8768,DENZEL basic OH BB,Hoodie,1010016,Solid,73,Dark Blue
443696026,443696,8768,BO basic OH BB,Hoodie,1010016,Solid,42,Red
443696043,443696,8768,TP BO basic OH BB,Hoodie,1010016,Solid,8,Dark Grey
443860020,443860,5831,Polo S/S Highline TVP,Polo shirt,1010016,Solid,11,Off White
444325004,444325,1643,Tiffany dress,Dress,1010016,Solid,9,Black
445419001,445419,1641,Leon tee,T-shirt,1010016,Solid,9,Black
445865001,445865,1773,Dungaree Dress,Dungarees,1010016,Solid,71,Light Blue
446224001,446224,1647,Maja Cardigan,Cardigan,1010010,Melange,9,Black
446224002,446224,1647,Maja Cardigan,Cardigan,1010016,Solid,9,Black
446224013,446224,1647,Maja Cardigan,Cardigan,1010010,Melange,6,Light Grey
446224014,446224,1647,Maja Cardigan,Cardigan,1010010,Melange,92,Green
446224016,446224,1647,Maja Cardigan,Cardigan,1010016,Solid,43,Dark Red
446224019,446224,1647,Maja Cardigan,Cardigan,1010010,Melange,81,Light Turquoise
446224026,446224,1647,Maja Cardigan,Cardigan,1010016,Solid,52,Pink
446224043,446224,1647,Maja Cardigan,Cardigan,1010016,Solid,22,Yellow
447201006,447201,4214,Werter 5-p shaftless SB,Socks,1010016,Solid,73,Dark Blue
448262039,448262,5882,Roll up tee (1),T-shirt,1010014,Placement print,73,Dark Blue
448509001,448509,1747,Perrie Slim Mom Denim TRS,Trousers,1010016,Solid,9,Black
448509009,448509,1747,Perrie Slim Mom Denim TRS,Trousers,1010016,Solid,71,Light Blue
448509014,448509,1747,Perrie Slim Mom Denim TRS,Trousers,1010016,Solid,72,Blue
448509017,448509,1747,Perrie Slim Mom Denim TRS,Trousers,1010016,Solid,9,Black
448509018,448509,1747,Perrie Slim Mom Denim TRS,Trousers,1010016,Solid,71,Light Blue
448509020,448509,1747,Perrie Slim Mom Denim TRS,Trousers,1010016,Solid,10,White
448509026,448509,1747,Perrie Slim Mom Denim TRS,Trousers,1010016,Solid,73,Dark Blue
448509027,448509,1747,Perrie Slim Mom Denim TRS,Trousers,1010016,Solid,8,Dark Grey
448509028,448509,1747,Perrie Slim Mom Denim TRS,Trousers,1010016,Solid,71,Light Blue
448509031,448509,1747,Perrie Slim Mom Denim TRS,Trousers,1010023,Denim,12,Light Beige
448515001,448515,1747,Kendall RW Denim TRS,Trousers,1010016,Solid,72,Blue
448515018,448515,1747,Kendall RW Denim TRS,Trousers,1010016,Solid,8,Dark Grey
448515031,448515,1747,Kendall Denim TRS,Trousers,1010016,Solid,72,Blue
448515036,448515,1747,Kendall RW Denim TRS,Trousers,1010016,Solid,8,Dark Grey
449263005,449263,5957,Zero Tee,T-shirt,1010016,Solid,10,White
449263028,449263,5957,Zero Tee,T-shirt,1010016,Solid,73,Dark Blue
449263041,449263,5957,Zero Tee,T-shirt,1010016,Solid,15,Greyish Beige
449263044,449263,5957,Zero Tee,T-shirt,1010016,Solid,43,Dark Red
449897001,449897,5672,Slim 5pkt,Trousers,1010023,Denim,72,Blue
449897018,449897,5672,Slim 5pkt,Trousers,1010023,Denim,72,Blue
450056005,450056,8310,SUPREME cropped,Leggings/Tights,1010016,Solid,83,Dark Turquoise
451290005,451290,8615,Oz SF skinny fit blazer,Blazer,1010010,Melange,6,Light Grey
451380008,451380,5686,Bruce denim,Trousers,1010023,Denim,73,Dark Blue
451744001,451744,3209,Joel straw shopper,Bag,1010016,Solid,10,White
451744018,451744,3209,Joel straw shopper,Bag,1010016,Solid,13,Beige
452516012,452516,8616,Oz trousers,Trousers,1010010,Melange,6,Light Grey
452516016,452516,8616,Oz trousers,Trousers,1010004,Check,8,Dark Grey
452616009,452616,7932,SIVAN 2 PACK,Kids Underwear top,1010016,Solid,9,Black
452618001,452618,3608,Clean Edge 60 den 1p Leggings,Underwear Tights,1010016,Solid,9,Black
452818001,452818,7188,5pk basic R socks,Socks,1010016,Solid,9,Black
453065002,453065,7931,Eivor 7-p shaftless,Socks,1010016,Solid,9,Black
453065003,453065,7931,Eivor 7-p shaftless,Socks,1010016,Solid,10,White
453065011,453065,7931,Eivor 7-p shaftless,Socks,1010016,Solid,51,Light Pink
453065021,453065,7931,Eivor 7-p shaftless,Socks,1010013,Other pattern,10,White
453065033,453065,7931,Eivor 7-p shaftless,Socks,1010013,Other pattern,50,Other Pink
453239037,453239,6565,SLIM FIT: BASIC,Trousers,1010023,Denim,72,Blue
453239039,453239,6565,SLIM FIT: BASIC,Trousers,1010023,Denim,73,Dark Blue
453258007,453258,5283,Chuck Denim jkt (1),Jacket,1010023,Denim,71,Light Blue
453272029,453272,4210,SB TRUNKS,Swimwear bottom,1010001,All over pattern,81,Light Turquoise
453358001,453358,3509,Dalia hip belt,Belt,1010016,Solid,9,Black
453358011,453358,3509,Dalia hip belt,Belt,1010016,Solid,32,Orange
453585009,453585,3509,Sassy 3-pack hip belt,Belt,1010016,Solid,22,Yellow
453585014,453585,3509,Sassy 3-pack hip belt,Belt,1010016,Solid,11,Off White
453585016,453585,3509,Sassy 3-pack hip belt,Belt,1010016,Solid,9,Black
454199002,454199,1545,Jackie coat,Jacket,1010010,Melange,6,Light Grey
455832001,455832,1338,Charlotte Soft  Body,Underwear body,1010016,Solid,9,Black
456163009,456163,1676,Woody (1),Hoodie,1010016,Solid,43,Dark Red
456163022,456163,1676,Woody (1),Hoodie,1010016,Solid,13,Beige
456163030,456163,1676,Woody,Hoodie,1010016,Solid,12,Light Beige
456163031,456163,1676,Woody,Hoodie,1010016,Solid,10,White
456163048,456163,1676,Woody,Hoodie,1010016,Solid,9,Black
456163049,456163,1676,Woody,Hoodie,1010016,Solid,12,Light Beige
456163050,456163,1676,Woody,Hoodie,1010010,Melange,7,Grey
456163053,456163,1676,Woody,Hoodie,1010016,Solid,33,Dark Orange
456163060,456163,1676,Woody hoodie,Hoodie,1010016,Solid,9,Black
456163062,456163,1676,Woody(1),Hoodie,1010010,Melange,7,Grey
456163063,456163,1676,Woody,Hoodie,1010016,Solid,13,Beige
456163070,456163,1676,Woody(1),Hoodie,1010016,Solid,11,Off White
456163083,456163,1676,Woody(1),Hoodie,1010016,Solid,11,Off White
456163085,456163,1676,Woody(1),Hoodie,1010016,Solid,62,Purple
456163086,456163,1676,Woody(1),Hoodie,1010016,Solid,93,Dark Green
457466002,457466,3608,Control Top 15 den 1p Tights,Underwear Tights,1010016,Solid,9,Black
457722013,457722,1642,Axel fancy denim shorts (1),Shorts,1010018,Treatment,10,White
457892003,457892,1676,Fox (1),Leggings/Tights,1010016,Solid,9,Black
458032003,458032,3529,WILDER,Boots,1010016,Solid,9,Black
458239001,458239,1676,Tess CN Unique,Dress,1010016,Solid,9,Black
458239017,458239,1676,Tess,Dress,1010017,Stripe,12,Light Beige
458393001,458393,7930,SERENA 2p tank,Vest top,1010016,Solid,9,Black
458393012,458393,7930,Serena Tank 2PACK,Vest top,1010016,Solid,9,Black
458428033,458428,5683,Cobra Constructed,Trousers,1010023,Denim,8,Dark Grey
458428045,458428,5683,Cobra Constructed,Trousers,1010023,Denim,8,Dark Grey
458543001,458543,4242,Lazer Razer Push Up,Bikini top,1010016,Solid,9,Black
458543005,458543,4242,Lazer Razer Push Up,Bikini top,1010016,Solid,10,White
458543009,458543,4242,Lazer Razer Push Up,Bikini top,1010016,Solid,9,Black
458882004,458882,1547,Gardenia Shirt (1),Shirt,1010001,All over pattern,9,Black
458924002,458924,1636,Pablo round neck,Top,1010016,Solid,9,Black
458924011,458924,1636,Pablo round neck,Top,1010016,Solid,52,Pink
458924013,458924,1636,Pablo round neck,Top,1010016,Solid,73,Dark Blue
458924016,458924,1636,Pablo round neck,Top,1010016,Solid,13,Beige
458925003,458925,1636,Javier,Top,1010016,Solid,31,Light Orange
459428001,459428,5957,Jerry Hood,Jacket,1010016,Solid,9,Black
461327006,461327,5831,Rollerneck Charlie TVP,Sweater,1010010,Melange,7,Grey
461327008,461327,5831,Rollerneck Charlie TVP,Sweater,1010010,Melange,12,Light Beige
462435021,462435,6515,6P Tanktopbody pack,Bodysuit,1010016,Solid,73,Dark Blue
463970010,463970,1334,Greta Hipster Ch. (Poppy) L 3p,Underwear bottom,1010016,Solid,9,Black
463970031,463970,1334,Greta Hipster Ch. (Poppy) L 3p,Underwear bottom,1010016,Solid,43,Dark Red
464277014,464277,1334,Greta Shortie (Daisy Mid) 3p,Underwear bottom,1010016,Solid,8,Dark Grey
464297007,464297,1334,Greta Thong Mynta Low 3p,Underwear bottom,1010014,Placement print,9,Black
464297021,464297,1334,Greta Thong Mynta Low 3p,Underwear bottom,1010016,Solid,8,Dark Grey
464297030,464297,1334,Greta Thong Mynta Low 3p,Underwear bottom,1010016,Solid,43,Dark Red
464297033,464297,1334,Greta Thong Mynta Low 3p,Underwear bottom,1010001,All over pattern,9,Black
464454011,464454,1444,TANJA SKIRT,Skirt,1010001,All over pattern,51,Light Pink
464679010,464679,3710,Kim 2p padded BIG,Bra,1010010,Melange,8,Dark Grey
464679012,464679,3710,Kim 2p padded BIG,Bra,1010010,Melange,8,Dark Grey
464908002,464908,1334,Liza Thong Low (Malva) 3pk,Underwear bottom,1010016,Solid,9,Black
464908037,464908,1334,Liza Thong Low (Malva) 3pk,Underwear bottom,1010016,Solid,73,Dark Blue
464927008,464927,1334,Ivory Ch. braz. Low Acacia 3pk,Underwear bottom,1010020,Contrast,8,Dark Grey
464927018,464927,1334,Ivory Ch. braz. Low Acacia 3pk,Underwear bottom,1010016,Solid,31,Light Orange
465655010,465655,1334,Ginger Thong Maple Low 3p,Underwear bottom,1010016,Solid,9,Black
465655016,465655,1334,Ginger Thong Maple Low 3p,Underwear bottom,1010016,Solid,9,Black
465655019,465655,1334,Ginger Thong Maple Low 3p,Underwear bottom,1010016,Solid,9,Black
465655022,465655,1334,Ginger Thong Maple Low 3p,Underwear bottom,1010016,Solid,73,Dark Blue
465655024,465655,1334,Ginger Thong Maple Low 3p,Underwear bottom,1010016,Solid,51,Light Pink
467738002,467738,7389,Aiden Belt,Belt,1010016,Solid,9,Black
468480002,468480,1773,Mom Shorts,Shorts,1010023,Denim,7,Grey
468480015,468480,1773,Mom Shorts,Shorts,1010023,Denim,71,Light Blue
468480031,468480,1773,Vintage H.W Shorts,Shorts,1010023,Denim,9,Black
469021001,469021,9985,Harry Herringbone,Scarf,1010010,Melange,8,Dark Grey
469039019,469039,3527,Henrik ballerina,Ballerinas,1010016,Solid,9,Black
469039032,469039,3527,Henrik ballerina,Ballerinas,1010010,Melange,7,Grey
469039035,469039,3527,Henrik ballerina,Ballerinas,1010016,Solid,73,Dark Blue
469137001,469137,1636,Juan lace strap top,Top,1010016,Solid,9,Black
469137015,469137,1636,Juan lace strap top,Top,1010016,Solid,92,Green
469137016,469137,1636,Juan lace strap top,Top,1010001,All over pattern,9,Black
469137017,469137,1636,Juan lace strap top,Top,1010016,Solid,73,Dark Blue
469137018,469137,1636,Juan lace strap top,Top,1010016,Solid,33,Dark Orange
469562002,469562,2031,Skinny denim (1),Trousers,1010023,Denim,72,Blue
469562006,469562,2031,Skinny denim (1),Trousers,1010023,Denim,9,Black
469562013,469562,2031,Skinny denim (1),Trousers,1010023,Denim,7,Grey
469562048,469562,2031,Skinny denim (1),Trousers,1010023,Denim,73,Dark Blue
469562068,469562,2031,Skinny denim (1),Trousers,1010023,Denim,9,Black
469658009,469658,1334,Spice Girl 3pk hipster,Underwear bottom,1010020,Contrast,9,Black
470111002,470111,1909,MC Gyda blouse,Blouse,1010016,Solid,9,Black
470167001,470167,9985,Coski Conscious Scarf,Scarf,1010010,Melange,6,Light Grey
470167002,470167,9985,Scarf Coski Conscious,Scarf,1010010,Melange,8,Dark Grey
470636064,470636,1344,Ivy jumpsuit W,Jumpsuit/Playsuit,1010001,All over pattern,63,Dark Purple
470789001,470789,1339,OP Brazilian 2p Low (Acacia),Underwear bottom,1010016,Solid,9,Black
470789016,470789,1334,2p OP Brazilian Low (Acacia),Underwear bottom,1010016,Solid,33,Dark Orange
470789018,470789,1334,2p OP Brazilian Low (Acacia),Underwear bottom,1010001,All over pattern,9,Black
470789019,470789,1339,OP Brazilian 2p Low (Acacia),Underwear bottom,1010016,Solid,12,Light Beige
470789028,470789,1339,OP Brazilian 2p Low (Acacia),Underwear bottom,1010001,All over pattern,9,Black
470789030,470789,1339,OP Brazilian 2p Low (Acacia),Underwear bottom,1010016,Solid,17,Yellowish Brown
470985003,470985,3828,Vaughan sneaker,Sneakers,1010016,Solid,10,White
470985009,470985,3828,Vaughan sneaker,Sneakers,1010016,Solid,21,Light Yellow
470985010,470985,3828,Vaughan sneaker,Sneakers,1010016,Solid,32,Orange
471566006,471566,3040,OL STAFFAN PQ loafer,Sneakers,1010016,Solid,43,Dark Red
471714005,471714,5690,Roy Shorts,Shorts,1010016,Solid,9,Black
471714014,471714,5690,Roy Shorts,Shorts,1010016,Solid,73,Dark Blue
471714036,471714,5690,Roy Shorts,Shorts,1010016,Solid,19,Greenish Khaki
472755002,472755,8560,Ben runner gloves,Gloves,1010016,Solid,9,Black
473507001,473507,3209,Lindsay shopper,Bag,1010016,Solid,9,Black
473954006,473954,1339,OP Cheeky hipster 2p,Underwear bottom,1010016,Solid,9,Black
473954008,473954,1339,OP Cheeky hipster 2p,Unknown,1010016,Solid,9,Black
473954013,473954,1339,OP Cheeky hipster 2p,Unknown,1010016,Solid,12,Light Beige
473954014,473954,1339,OP Cheeky hipster 2p,Unknown,1010016,Solid,17,Yellowish Brown
473954015,473954,1339,OP Cheeky hipster 2p,Unknown,1010016,Solid,17,Yellowish Brown
474123015,474123,5962,Mona top,Vest top,1010016,Solid,13,Beige
474461006,474461,5687,EVERT SHORTS,Shorts,1010001,All over pattern,73,Dark Blue
474461035,474461,5687,Evert Slim Shorts,Shorts,1010001,All over pattern,12,Light Beige
474471001,474471,5687,Jones 5-pkt Slim Shorts,Shorts,1010016,Solid,9,Black
474471010,474471,5687,JONES 5-PKT SHORTS,Shorts,1010016,Solid,8,Dark Grey
475791004,475791,3629,Pontus Espadrill.,Sandals,1010017,Stripe,73,Dark Blue
475791006,475791,3629,Pontus Espadrill.,Sandals,1010016,Solid,9,Black
475791010,475791,3629,Pontus Espadrill.,Sandals,1010016,Solid,7,Grey
475791011,475791,3629,Pontus Espadrill,Sandals,1010016,Solid,73,Dark Blue
475791012,475791,3629,Pontus Espadrill.,Sandals,1010016,Solid,10,White
475791030,475791,3629,Pontus Espadrill.,Sandals,1010016,Solid,19,Greenish Khaki
475791038,475791,3629,Pontus Espadrill.,Sandals,1010016,Solid,73,Dark Blue
476315024,476315,5848,Fav polo solid,Polo shirt,1010016,Solid,9,Black
476315028,476315,5848,Fav polo solid,Polo shirt,1010016,Solid,73,Dark Blue
476583019,476583,1643,Madeleine cropped,T-shirt,1010017,Stripe,42,Red
477507001,477507,3936,Trisha tee dress(1),Dress,1010016,Solid,9,Black
477507009,477507,3936,Trisha tee dress(1),Dress,1010010,Melange,7,Grey
478298005,478298,4343,2p jersey headband,Hair/alice band,1010016,Solid,9,Black
478549001,478549,1649,Eagel PU Pants Slim RW,Trousers,1010018,Treatment,9,Black
478549008,478549,1649,Eagel PU Pants Slim RW,Trousers,1010018,Treatment,43,Dark Red
478646001,478646,4344,Basic Gigi necklace,Necklace,1010016,Solid,5,Gold
478646002,478646,4344,Basic Gigi necklace,Necklace,1010016,Solid,3,Silver
478992010,478992,5687,Jones Denim Slim Shorts,Shorts,1010023,Denim,6,Light Grey
478992012,478992,5687,Jones Denim Slim Shorts,Shorts,1010023,Denim,9,Black
479167001,479167,3710,Stevie strapless superpush,Bra,1010016,Solid,12,Light Beige
479167002,479167,3710,Stevie strapless superpush,Bra,1010016,Solid,9,Black
479227012,479227,1676,Stacy,T-shirt,1010017,Stripe,93,Dark Green
480093001,480093,3608,Box 3p Tights 40 den,Unknown,1010016,Solid,9,Black
480304005,480304,5848,Ross Heat,T-shirt,1010014,Placement print,82,Turquoise
481110017,481110,1338,Marigold SP Andes^,Bra,1010016,Solid,9,Black
481245003,481245,1338,Tove SP Andes,Bra,1010016,Solid,73,Dark Blue
481781004,481781,8888,Malin sunglasses,Sunglasses,1010016,Solid,9,Black
482207016,482207,1909,Missy elliot long shirt,Blouse,1010016,Solid,9,Black
483633004,483633,1313,Webra,Dress,1010016,Solid,52,Pink
484205004,484205,1773,Jacket Core,Jacket,1010023,Denim,9,Black
484205010,484205,1779,Jacket Core,Jacket,1010023,Denim,51,Light Pink
484398001,484398,8310,SUPREME tights,Leggings/Tights,1010016,Solid,9,Black
484398005,484398,8310,SUPREME tights,Leggings/Tights,1010014,Placement print,9,Black
484398071,484398,8310,SUPREME tights,Leggings/Tights,1010010,Melange,7,Grey
485176004,485176,1747,Tikki Pull-on TRS,Trousers,1010016,Solid,9,Black
485176007,485176,1747,Tikki Pull-on TRS,Trousers,1010016,Solid,73,Dark Blue
485240007,485240,9986,Watch Planck Leather,Watch,1010016,Solid,17,Yellowish Brown
485537037,485537,4215,TP Valter pj SB,Pyjama set,1010014,Placement print,7,Grey
485551005,485551,4215,Trosa onezie SB,Pyjama jumpsuit/playsuit,1010017,Stripe,91,Light Green
485973003,485973,5962,Nilsson Top,T-shirt,1010018,Treatment,7,Grey
485973011,485973,5962,Nilsson Top,T-shirt,1010018,Treatment,10,White
486639003,486639,3710,Jackie brief 2pk HR LS,Underwear bottom,1010016,Solid,9,Black
486782002,486782,1334,Ivory Bikini Mid (Calla)3p,Underwear bottom,1010020,Contrast,8,Dark Grey
486782004,486782,1334,Ivory Bikini Mid (Calla)3p,Underwear bottom,1010006,Dot,9,Black
487050028,487050,4214,TP Axel 5-p anklesock SB,Socks,1010017,Stripe,7,Grey
487050041,487050,4214,TP Axel 5-p anklesock SB,Socks,1010017,Stripe,73,Dark Blue
487207002,487207,4214,Bob sport 5-p midshaft SB,Socks,1010012,Mixed solid/pattern,7,Grey
487207010,487207,4214,Bob sport midshaft SB 5-p,Socks,1010005,Colour blocking,7,Grey
487207019,487207,4214,Bob sport midshaft SB 5-p,Socks,1010005,Colour blocking,73,Dark Blue
487722001,487722,1338,Charlotte Body Push Melbourne,Underwear body,1010016,Solid,9,Black
487722005,487722,1338,Charlotte Body Push Melbourne,Underwear body,1010016,Solid,52,Pink
487722008,487722,1338,Charlotte Body Push Melbourne,Underwear body,1010016,Solid,43,Dark Red
487750034,487750,7930,LARISSA hood,Hoodie,1010026,Other structure,43,Dark Red
487827007,487827,1772,Super soft,Trousers,1010023,Denim,72,Blue
487827009,487827,1772,Skinny H.W,Trousers,1010023,Denim,72,Blue
487827014,487827,1772,Skinny H.W,Trousers,1010023,Denim,71,Light Blue
487827024,487827,1772,Skinny H.W,Trousers,1010023,Denim,73,Dark Blue
488012027,488012,4224,TP Axel 5-p anklesock BB,Socks,1010017,Stripe,73,Dark Blue
488016008,488016,4224,TP Weekday 7-p anklesock BB,Socks,1010005,Colour blocking,73,Dark Blue
488546001,488546,5960,Sienna biker,Jacket,1010016,Solid,9,Black
488546008,488546,5960,Sienna biker,Jacket,1010016,Solid,42,Red
488561003,488561,5658,Teddy jogger.,Shorts,1010024,Chambray,73,Dark Blue
488561021,488561,5658,Teddy jogger.,Shorts,1010024,Chambray,9,Black
488561023,488561,5658,Teddy jogger.,Shorts,1010024,Chambray,14,Dark Beige
488561032,488561,5658,Teddy jogger.,Shorts,1010024,Chambray,73,Dark Blue
488564006,488564,1666,Plexi plizze,Top,1010016,Solid,52,Pink
488614012,488614,1334,Ellen Hipster Ch. Poppy 3p,Underwear bottom,1010010,Melange,8,Dark Grey
488697004,488697,3629,Nohar Sneaker,Sneakers,1010016,Solid,12,Light Beige
489217006,489217,3929,Carolina Boot,Boots,1010016,Solid,43,Dark Red
489435002,489435,3527,Riri sandalina,Sandals,1010016,Solid,9,Black
489435014,489435,3939,Riri sandalina,Sandals,1010016,Solid,51,Light Pink
490113011,490113,1745,Lola Denim Shorts,Shorts,1010016,Solid,72,Blue
490113016,490113,1745,Lola Denim Shorts,Shorts,1010016,Solid,9,Black
490176001,490176,1747,Daiquiri Pull- On TRS,Trousers,1010016,Solid,9,Black
490176002,490176,1747,Daiquiri Pull- On TRS,Trousers,1010016,Solid,19,Greenish Khaki
490176004,490176,1747,Daiquiri Pull- On TRS,Trousers,1010016,Solid,51,Light Pink
490176012,490176,1747,Daiquiri,Trousers,1010016,Solid,13,Beige
490436001,490436,1334,Alice Lace Bandeau 2p,Bra,1010016,Solid,10,White
490473012,490473,3611,Basic 5p Shaftless,Socks,1010001,All over pattern,73,Dark Blue
490676002,490676,8756,Joe chinos,Trousers,1010016,Solid,73,Dark Blue
490793015,490793,1640,Boulevard tee,T-shirt,1010008,Front print,31,Light Orange
490794012,490794,1640,Zebra sweater,Sweater,1010014,Placement print,9,Black
491532007,491532,5831,S/S Polo Harley,Polo shirt,1010016,Solid,92,Green
491912002,491912,5656,Kennedy (1),Trousers,1010016,Solid,73,Dark Blue
491912014,491912,5656,Kennedy (1),Trousers,1010016,Solid,14,Dark Beige
491913003,491913,5656,Heath,Trousers,1010016,Solid,73,Dark Blue
492171004,492171,5672,Straight Mezzo (1),Trousers,1010023,Denim,9,Black
492244014,492244,4242,The Rebounder tie tanga,Swimwear bottom,1010016,Solid,8,Dark Grey
492245010,492245,4242,The Rebounder Padded Triangle,Bikini top,1010016,Solid,43,Dark Red
492245014,492245,4242,The Rebounder Padded Triangle,Bikini top,1010016,Solid,8,Dark Grey
492567002,492567,4242,ANKI moulded halterneck,Bikini top,1010017,Stripe,10,White
492892001,492892,3710,Adhesive push bra,Bra,1010016,Solid,9,Black
492892002,492892,3710,Adhesive push bra,Bra,1010016,Solid,12,Light Beige
492897001,492897,3710,Alba Push-Up Biker HW FS,Underwear bottom,1010016,Solid,9,Black
492897002,492897,3710,Alba Push-Up Biker HW FS,Underwear bottom,1010016,Solid,12,Light Beige
493103040,493103,6541,Basic tights 2-pack,Underwear Tights,1010016,Solid,51,Light Pink
493438027,493438,8316,Leo seamless t-shirt (1),T-shirt,1010010,Melange,9,Black
493826001,493826,3529,EDWARD,Boots,1010016,Solid,9,Black
493995001,493995,3529,Manacor,Boots,1010016,Solid,9,Black
494030019,494030,1676,Tika,Vest top,1010016,Solid,51,Light Pink
494094001,494094,3629,Flipflop solid,Flip flop,1010016,Solid,9,Black
494691001,494691,1772,Skinny HW Ankle Phoenix 14.99,Trousers,1010023,Denim,10,White
494910002,494910,1313,Napoli,Dress,1010016,Solid,52,Pink
495030002,495030,7188,5pk invisble sock,Socks,1010016,Solid,9,Black
495418003,495418,1338,Tove Hipster Ch. Pet. Mid,Underwear bottom,1010016,Solid,73,Dark Blue
495573004,495573,1338,Majken strapless balconette,Bra,1010016,Solid,9,Black
495573018,495573,1338,Majken strapless balconette,Bra,1010016,Solid,13,Beige
495573019,495573,1338,Majken strapless balconette,Bra,1010016,Solid,43,Dark Red
495685001,495685,5831,Rollerneck Blenheim TVP,Sweater,1010016,Solid,9,Black
495685003,495685,5831,Rollerneck Blenheim TVP,Sweater,1010010,Melange,9,Black
495685006,495685,5831,Rollerneck Blenheim TVP,Sweater,1010010,Melange,73,Dark Blue
495733002,495733,5731,CA Mark Flanel TVP,Shirt,1010004,Check,73,Dark Blue
496111009,496111,1610,Devon basic sweater,Sweater,1010006,Dot,8,Dark Grey
496111017,496111,1610,Devon basic sweater,Sweater,1010006,Dot,9,Black
496111018,496111,1610,Devon basic sweater,Sweater,1010010,Melange,6,Light Grey
496111019,496111,1610,Devon basic sweater,Sweater,1010010,Melange,7,Grey
496111020,496111,1610,Devon basic sweater,Sweater,1010016,Solid,43,Dark Red
496111033,496111,1610,Devon basic sweater,Sweater,1010017,Stripe,51,Light Pink
496111034,496111,1610,Devon basic sweater,Sweater,1010006,Dot,6,Light Grey
496159009,496159,3510,Poppins pompom beanie (1),Hat/beanie,1010016,Solid,73,Dark Blue
496735008,496735,1334,Ellen Push (Melbourne) 2p,Bra,1010016,Solid,8,Dark Grey
496762004,496762,1643,Summer strap dress,Dress,1010016,Solid,9,Black
496762020,496762,1643,Summer strap dress,Dress,1010001,All over pattern,73,Dark Blue
496762022,496762,1643,SUMMER STRAP DRESS_09-090,Dress,1010017,Stripe,9,Black
496923005,496923,1745,Kenzy Denim Dungaree,Dungarees,1010016,Solid,72,Blue
497224002,497224,4210,SB Matt board shorts,Swimwear bottom,1010005,Colour blocking,73,Dark Blue
497513001,497513,1339,SPEED Twiggy paddedsoftbra,Bra,1010016,Solid,9,Black
497640002,497640,5252,D. Kurt Denim (1),Jacket,1010023,Denim,9,Black
497642004,497642,5252,Espen puffer,Hoodie,1010016,Solid,9,Black
497787004,497787,5767,Pat ls shirting,Shirt,1010016,Solid,73,Dark Blue
498738016,498738,6280,SUPREME FANCY TIGHTS,Trousers,1010005,Colour blocking,9,Black
498779009,498779,1344,Sheba maxi dress,Dress,1010001,All over pattern,9,Black
499334001,499334,9986,Braces Basic 3-clip,Braces,1010016,Solid,9,Black
499807005,499807,8888,Cool Bridget sunglasses,Sunglasses,1010016,Solid,63,Dark Purple
501323006,501323,1717,Thomas paperbag,Trousers,1010016,Solid,10,White
501323008,501323,1717,Thomas paperbag wide,Trousers,1010017,Stripe,9,Black
501396001,501396,1414,CS Rosie,Skirt,1010016,Solid,51,Light Pink
501509003,501509,5741,Christmas Fun,Sweater,1010002,Application/3D,73,Dark Blue
501616007,501616,8617,FRAME Easy Iron,Shirt,1010016,Solid,10,White
501616008,501616,8617,FRAME Easy Iron,Shirt,1010006,Dot,10,White
501616009,501616,8617,FRAME Easy Iron,Shirt,1010016,Solid,9,Black
501616012,501616,8617,FRAME Easy Iron,Shirt,1010006,Dot,73,Dark Blue
501616068,501616,8617,FRAME Easy Iron,Shirt,1010016,Solid,19,Greenish Khaki
501619006,501619,5777,Victory voile shirt,Shirt,1010016,Solid,10,White
501619018,501619,5777,Victory voile shirt,Shirt,1010024,Chambray,72,Blue
501619019,501619,5777,Victory voile shirt,Shirt,1010016,Solid,10,White
501620026,501620,5777,BORIS SS SHIRT,Shirt,1010017,Stripe,73,Dark Blue
501620032,501620,5777,BORIS,Shirt,1010001,All over pattern,10,White
501620035,501620,5777,BORIS,Shirt,1010017,Stripe,10,White
501620037,501620,5777,BORIS,Shirt,1010001,All over pattern,9,Black
501620038,501620,5777,BORIS SS,Shirt,1010001,All over pattern,17,Yellowish Brown
501620040,501620,5777,BORIS SS,Shirt,1010001,All over pattern,9,Black
501722004,501722,5777,Arthur slim fit shirt,Shirt,1010016,Solid,10,White
501722030,501722,5777,FREDRIK SLIM STRETCH SHIRT,Shirt,1010001,All over pattern,9,Black
501820001,501820,1647,SIRPA,Sweater,1010016,Solid,9,Black
501820002,501820,1647,SIRPA,Sweater,1010010,Melange,9,Black
501820003,501820,1647,SIRPA,Sweater,1010010,Melange,43,Dark Red
501820004,501820,1647,SIRPA,Sweater,1010010,Melange,22,Yellow
501820006,501820,1647,SIRPA,Sweater,1010010,Melange,12,Light Beige
501820007,501820,1647,SIRPA,Sweater,1010010,Melange,42,Red
501820008,501820,1647,SIRPA,Sweater,1010016,Solid,93,Dark Green
501820021,501820,1647,SIRPA,Sweater,1010016,Solid,73,Dark Blue
501820025,501820,1647,SIRPA,Sweater,1010016,Solid,22,Yellow
501820043,501820,1647,SIRPA,Sweater,1010016,Solid,42,Red
501820044,501820,1647,SIRPA,Sweater,1010010,Melange,73,Dark Blue
501820045,501820,1647,SIRPA,Sweater,1010016,Solid,51,Light Pink
501914002,501914,8397,TITAN shell ski jkt,Jacket,1010016,Solid,9,Black
502186011,502186,1610,Tuck cropped sweater,Sweater,1010016,Solid,43,Dark Red
502186012,502186,1610,Tuck cropped sweater,Sweater,1010016,Solid,83,Dark Turquoise
502186013,502186,1610,Tuck cropped sweater,Sweater,1010010,Melange,7,Grey
502224001,502224,3529,Duffy,Boots,1010016,Solid,9,Black
502224007,502224,3529,Duffy,Boots,1010016,Solid,17,Yellowish Brown
502522001,502522,1676,Marc dress,Dress,1010016,Solid,9,Black
502660001,502660,8560,Bernard 5 pack,Socks,1010016,Solid,10,White
502869002,502869,1723,Odette velvet shorts C,Shorts,1010016,Solid,93,Dark Green
502869003,502869,1723,Odette velvet shorts C,Shorts,1010016,Solid,31,Light Orange
503095005,503095,1222,Martin,Blazer,1010016,Solid,9,Black
503862001,503862,7656,Hawaii trs,Trousers,1010016,Solid,73,Dark Blue
504113024,504113,1344,Zoo,Dress,1010016,Solid,9,Black
504152001,504152,1646,Friend,Cardigan,1010016,Solid,9,Black
504152012,504152,1646,Friend,Cardigan,1010010,Melange,9,Black
504154003,504154,1626,Lady Di,Sweater,1010010,Melange,6,Light Grey
504154015,504154,1626,Lady Di,Sweater,1010010,Melange,92,Green
504154018,504154,1626,Lady Di,Sweater,1010010,Melange,12,Light Beige
504154019,504154,1626,Lady Di,Sweater,1010016,Solid,9,Black
504154020,504154,1626,Lady Di,Sweater,1010010,Melange,7,Grey
504154021,504154,1626,Lady Di,Sweater,1010010,Melange,43,Dark Red
504154027,504154,1626,Lady Di,Sweater,1010016,Solid,11,Off White
504155001,504155,1646,Kirsten,Sweater,1010010,Melange,6,Light Grey
504155011,504155,1646,Kirsten,Sweater,1010010,Melange,43,Dark Red
504155012,504155,1646,Kirsten,Sweater,1010016,Solid,51,Light Pink
504155018,504155,1646,Kirsten,Sweater,1010016,Solid,73,Dark Blue
504155020,504155,1646,Kirsten,Sweater,1010016,Solid,72,Blue
504196001,504196,1344,Cosmo maxi,Dress,1010010,Melange,7,Grey
504196002,504196,1344,Cosmo maxi,Dress,1010016,Solid,92,Green
504658004,504658,5252,Birkir canvas (1),Hoodie,1010016,Solid,73,Dark Blue
505083002,505083,1510,Ronalda long shirt,Shirt,1010004,Check,73,Dark Blue
505091002,505091,1510,Cannon top,Blouse,1010016,Solid,31,Light Orange
505507005,505507,7956,SLIM BASIC 5PKT 79,Trousers,1010023,Denim,72,Blue
505507006,505507,7956,SLIM BASIC 5PKT 79,Trousers,1010023,Denim,73,Dark Blue
505507011,505507,7956,SLIM BASIC 5PKT 79,Trousers,1010023,Denim,72,Blue
505512001,505512,7988,Anthony solid,Underwear bottom,1010010,Melange,9,Black
505561002,505561,1747,Crew,Trousers,1010016,Solid,9,Black
505882006,505882,1334,Kelly Strapless (Sofia) 2pk,Unknown,1010016,Solid,12,Light Beige
506098006,506098,1334,Liza Push Melbourne 2pk,Bra,1010016,Solid,10,White
506098007,506098,1334,Liza Push Melbourne 2pk,Bra,1010016,Solid,12,Light Beige
506098016,506098,1334,Liza Push Melbourne 2pk,Bra,1010016,Solid,10,White
506110001,506110,1676,Coated Leggings,Leggings/Tights,1010026,Other structure,9,Black
506166058,506166,1919,HM+ Maja  SS tee,T-shirt,1010001,All over pattern,9,Black
506321009,506321,1747,Simone Denim TRS,Trousers,1010016,Solid,9,Black
507431033,507431,5957,Wet Tee,T-shirt,1010018,Treatment,9,Black
507431035,507431,5957,Wet tee,T-shirt,1010018,Treatment,13,Beige
507706003,507706,8310,PLUTO WINTER TIGHTS,Leggings/Tights,1010016,Solid,9,Black
507834004,507834,5958,Iggy knit,Sweater,1010016,Solid,7,Grey
507883009,507883,1339,Ellen Thong (Malva) L 3pk,Underwear bottom,1010016,Solid,9,Black
507883015,507883,1334,Ellen Thong (Malva) L 3pk,Underwear bottom,1010001,All over pattern,6,Light Grey
507883018,507883,1339,Ellen Thong (Malva) L 3pk,Underwear bottom,1010010,Melange,8,Dark Grey
507909001,507909,1515,Rebecca or Delphine shirt,Shirt,1010016,Solid,10,White
507909003,507909,1515,Rebecca or Delphine shirt,Shirt,1010016,Solid,9,Black
507909004,507909,1515,Rebecca,Shirt,1010017,Stripe,71,Light Blue
507909007,507909,1515,Rebecca,Shirt,1010017,Stripe,51,Light Pink
507909008,507909,1515,Rebecca,Shirt,1010001,All over pattern,71,Light Blue
507909015,507909,1515,Rebecca,Shirt,1010001,All over pattern,71,Light Blue
507909017,507909,1515,Rebecca,Shirt,1010001,All over pattern,10,White
507909022,507909,1515,Rebecca,Shirt,1010017,Stripe,71,Light Blue
507909024,507909,1515,Rebecca,Shirt,1010016,Solid,71,Light Blue
507909027,507909,1515,Rebecca,Shirt,1010001,All over pattern,71,Light Blue
507910001,507910,1515,Isabella,Shirt,1010016,Solid,10,White
507910002,507910,1515,Isabella,Shirt,1010017,Stripe,71,Light Blue
507910004,507910,1515,Isabella,Shirt,1010016,Solid,9,Black
507910027,507910,1515,Isabella,Shirt,1010001,All over pattern,72,Blue
507987001,507987,3945,Stina scarf,Scarf,1010016,Solid,9,Black
508184008,508184,3709,Irma SL print (K),Pyjama set,1010008,Front print,31,Light Orange
508184019,508184,3709,Irma SL-set print (J),Pyjama set,1010008,Front print,71,Light Blue
508184020,508184,3709,Irma SL-set print (J),Pyjama set,1010001,All over pattern,31,Light Orange
508318001,508318,1334,Liza Padded (Idro) 2pk,Bra,1010016,Solid,9,Black
508318016,508318,1334,Liza Padded (Idro) 2pk,Bra,1010016,Solid,10,White
508543015,508543,7648,BEN POLO TP,Polo shirt,1010016,Solid,71,Light Blue
508671003,508671,7648,LOUIS HOOD SET (1),Hoodie,1010014,Placement print,9,Black
508691012,508691,1510,Juno regular shirt,Shirt,1010001,All over pattern,10,White
508929063,508929,7920,NIKE,Trousers,1010001,All over pattern,9,Black
508942006,508942,7920,HOLIDAY DRESS (1),Dress,1010016,Solid,73,Dark Blue
509042001,509042,5961,Minna PU pants,Leggings/Tights,1010016,Solid,9,Black
509091010,509091,1334,Lola Brazilian (Acacia) 3pk,Underwear bottom,1010001,All over pattern,9,Black
509091011,509091,1334,Lola Brazilian (Acacia) 3pk,Underwear bottom,1010016,Solid,8,Dark Grey
509091013,509091,1334,Lola Brazilian (Acacia) 3pk,Underwear bottom,1010016,Solid,12,Light Beige
509091026,509091,1334,Lola Brazilian (Acacia) 3pk,Underwear bottom,1010016,Solid,9,Black
509091030,509091,1334,Lola Brazilian (Acacia) 3pk,Underwear bottom,1010001,All over pattern,9,Black
509091036,509091,1334,Lola Brazilian (Acacia) 3pk,Underwear bottom,1010016,Solid,52,Pink
509091045,509091,1334,Lola Brazilian (Acacia) 3pk,Underwear bottom,1010001,All over pattern,9,Black
509091060,509091,1334,Lola Brazilian (Acacia) 3pk,Underwear bottom,1010001,All over pattern,10,White
509134001,509134,1640,Jaguar,Vest top,1010016,Solid,9,Black
509135002,509135,1640,Martini price tank,Vest top,1010014,Placement print,6,Light Grey
509135003,509135,1640,Martini price tank,Vest top,1010014,Placement print,10,White
509210002,509210,5962,Babe L/S,Top,1010010,Melange,13,Beige
509210005,509210,5962,Babe L/S,Top,1010018,Treatment,19,Greenish Khaki
509210006,509210,5962,Babe L/S,Top,1010018,Treatment,9,Black
509210020,509210,5962,Babe L/S,Top,1010018,Treatment,53,Dark Pink
509415003,509415,7988,Lionel Longjohn,Long John,1010010,Melange,7,Grey
509629008,509629,1334,Juni Thong (Malva) Low 3pk,Underwear bottom,1010016,Solid,52,Pink
509642001,509642,1414,Assa,Skirt,1010016,Solid,93,Dark Green
509669004,509669,1334,Juni 2pk Push Melbourne Micro,Bra,1010016,Solid,9,Black
509669009,509669,1334,Juni Push (Melbourne) 2pk,Bra,1010016,Solid,53,Dark Pink
509732006,509732,8559,Mendez tank,Vest top,1010014,Placement print,21,Light Yellow
509893016,509893,8559,Chuck Hood,Hoodie,1010016,Solid,9,Black
510074015,510074,2032,Barza,Trousers,1010001,All over pattern,9,Black
510126001,510126,5961,Vincent Dress,Dress,1010016,Solid,9,Black
510126016,510126,5961,Vincent Dress (1),Dress,1010017,Stripe,9,Black
510126018,510126,5961,Vincent Dress (1),Dress,1010016,Solid,43,Dark Red
510283001,510283,4242,MERMAID high triangle,Bikini top,1010016,Solid,9,Black
510283002,510283,4242,MERMAID high triangle,Bikini top,1010001,All over pattern,10,White
510419001,510419,3040,Nilla leather sandal,Sandals,1010016,Solid,9,Black
510419006,510419,3040,Nilla leather sandal,Sandals,1010026,Other structure,43,Dark Red
510420004,510420,3040,Dolly leather sandal,Sandals,1010016,Solid,9,Black
510420009,510420,3040,DOLLY PQ sandal,Sandals,1010016,Solid,19,Greenish Khaki
510465001,510465,2032,Moa 2-pack,Vest top,1010016,Solid,10,White
510465008,510465,2032,Moa 2-pack,Vest top,1010010,Melange,52,Pink
510684009,510684,1649,Lory sweatpants,Trousers,1010016,Solid,9,Black
511105002,511105,8888,Christian sunglasses,Sunglasses,1010016,Solid,3,Silver
511105004,511105,8888,Christian sunglasses,Sunglasses,1010016,Solid,17,Yellowish Brown
511105007,511105,8888,Christian sunglasses,Sunglasses,1010016,Solid,31,Light Orange
511590003,511590,5848,Edwin hood,Hoodie,1010010,Melange,7,Grey
511651001,511651,8396,BRENDA running glove,Gloves,1010010,Melange,9,Black
511783002,511783,3409,Rachel Scarf,Scarf,1010010,Melange,12,Light Beige
511783003,511783,3409,Rachel Scarf,Scarf,1010016,Solid,31,Light Orange
511783004,511783,3409,Rachel Scarf,Scarf,1010016,Solid,9,Black
511783012,511783,3409,Rachel Scarf,Scarf,1010016,Solid,71,Light Blue
511924002,511924,1338,Leona Push Mirny,Bra,1010016,Solid,43,Dark Red
512075001,512075,3710,Emily push body (1),Underwear body,1010016,Solid,9,Black
512251003,512251,1643,Sonja sweater dress,Dress,1010016,Solid,9,Black
512251004,512251,1643,Sonja sweater dress,Dress,1010016,Solid,31,Light Orange
512251012,512251,1643,Sonja sweater dress,Dress,1010016,Solid,33,Dark Orange
513257008,513257,7616,Amelia swettis,Sweater,1010008,Front print,73,Dark Blue
513257011,513257,7616,Amelia swettis,Sweater,1010001,All over pattern,7,Grey
513373002,513373,1522,Hepburn top,Vest top,1010016,Solid,11,Off White
513373008,513373,1522,Hepburn top,Vest top,1010016,Solid,9,Black
513699018,513699,5832,R-NECK SS BASIC 3 PK,T-shirt,1010016,Solid,43,Dark Red
513699027,513699,5832,R-NECK SS BASIC 3 PK,T-shirt,1010016,Solid,8,Dark Grey
514134005,514134,3529,Allie,Boots,1010016,Solid,15,Greyish Beige
514482003,514482,1338,Pepper padded softbra molly,Bra,1010016,Solid,10,White
514577007,514577,1510,Alex tee,Blouse,1010016,Solid,10,White
514577008,514577,1510,Alex tee,Blouse,1010017,Stripe,73,Dark Blue
514577012,514577,1510,Alex tee,Blouse,1010017,Stripe,71,Light Blue
514577013,514577,1510,Alex tee,Blouse,1010016,Solid,42,Red
514577014,514577,1510,Alex tee,Blouse,1010016,Solid,73,Dark Blue
514577019,514577,1510,Alex tee,Top,1010016,Solid,10,White
515514007,515514,1244,Rosie trim,Jacket,1010016,Solid,9,Black
515581010,515581,3209,Gabriel quilted round bag,Bag,1010026,Other structure,9,Black
515769002,515769,5858,Merlin r-neck stripe,Sweater,1010005,Colour blocking,73,Dark Blue
516000001,516000,1666,Agnes LS R-neck,T-shirt,1010016,Solid,10,White
516000002,516000,1666,Agnes LS R-neck,T-shirt,1010010,Melange,9,Black
516000017,516000,1666,Agnes LS R-neck,T-shirt,1010010,Melange,7,Grey
516000019,516000,1666,Agnes LS R-neck,T-shirt,1010010,Melange,93,Dark Green
516000020,516000,1666,Agnes LS R-neck,T-shirt,1010017,Stripe,10,White
516000024,516000,1660,Agnes LS R-neck,T-shirt,1010010,Melange,73,Dark Blue
516000034,516000,1660,Agnes LS R-neck,T-shirt,1010016,Solid,9,Black
516000043,516000,1660,Agnes LS R-neck,T-shirt,1010016,Solid,19,Greenish Khaki
516000072,516000,1666,Agnes LS R-neck,T-shirt,1010017,Stripe,9,Black
516000075,516000,1666,Agnes LS R-neck,T-shirt,1010010,Melange,7,Grey
516000087,516000,1660,ESSENTIAL AGNES,T-shirt,1010016,Solid,9,Black
516000091,516000,1660,ES Agnes LS R-neck,T-shirt,1010010,Melange,12,Light Beige
516000103,516000,1660,ES Agnes LS R-neck,T-shirt,1010016,Solid,53,Dark Pink
516219001,516219,3929,Viola Boot,Boots,1010016,Solid,9,Black
516656003,516656,5962,TLC Top,Sweater,1010018,Treatment,7,Grey
516712001,516712,1643,Jess oversize LS,Top,1010016,Solid,9,Black
516712005,516712,1643,Jess oversize LS,Top,1010017,Stripe,9,Black
516712006,516712,1643,Jess oversize LS,Top,1010017,Stripe,23,Dark Yellow
516741002,516741,1939,Skinny HW shaping,Trousers,1010023,Denim,8,Dark Grey
516741007,516741,1939,Skinny shaping HW,Trousers,1010016,Solid,9,Black
516859001,516859,3509,James basic hip belt (1),Belt,1010016,Solid,17,Yellowish Brown
516859002,516859,3509,James basic hip belt (1),Belt,1010016,Solid,9,Black
516859008,516859,3509,James basic hip belt,Belt,1010016,Solid,9,Black
516903005,516903,1647,Sally Structure TVP,Sweater,1010026,Other structure,22,Yellow
516903007,516903,1647,Sally Structure TVP,Sweater,1010026,Other structure,43,Dark Red
516903008,516903,1647,Sally Sweater,Sweater,1010026,Other structure,8,Dark Grey
516903015,516903,1647,Sally Structure TVP,Sweater,1010016,Solid,51,Light Pink
516903022,516903,1647,Sally Structure TVP,Sweater,1010026,Other structure,51,Light Pink
517762001,517762,3528,Mary DTP,Heeled sandals,1010016,Solid,9,Black
517762010,517762,3528,Mary DTP,Heeled sandals,1010016,Solid,5,Gold
517959025,517959,7922,ROSIE 5p,Underwear bottom,1010012,Mixed solid/pattern,50,Other Pink
518329007,518329,1722,Space Treggings,Trousers,1010016,Solid,9,Black
519516001,519516,5777,STYLO SLIM SHIRT,Shirt,1010016,Solid,10,White
519583008,519583,1772,Skinny R.W Chic,Trousers,1010023,Denim,73,Dark Blue
519583013,519583,1772,Skinny R.W Chic,Trousers,1010023,Denim,10,White
519583015,519583,1772,Skinny R.W Chic,Trousers,1010023,Denim,71,Light Blue
519583033,519583,1772,Skinny R.W Chic,Trousers,1010023,Denim,73,Dark Blue
519583035,519583,1772,Skinny R.W Chic,Trousers,1010023,Denim,71,Light Blue
519583038,519583,1772,Skinny R.W Chic,Trousers,1010023,Denim,72,Blue
519583042,519583,1772,Skinny R.W Chic,Trousers,1010023,Denim,9,Black
519583048,519583,1772,Skinny R.W Chic,Trousers,1010023,Denim,72,Blue
519588001,519588,1647,Siri cardigan,Cardigan,1010016,Solid,9,Black
519588003,519588,1647,Siri cardigan,Cardigan,1010010,Melange,51,Light Pink
519589003,519589,1723,Mandy jacquard,Shorts,1010022,Jacquard,32,Orange
519749006,519749,1626,Bama (1),Sweater,1010010,Melange,8,Dark Grey
519749040,519749,1626,Bama (1),Sweater,1010010,Melange,92,Green
519847021,519847,1610,Jupiter,Sweater,1010016,Solid,42,Red
519847023,519847,1610,Jupiter v-neck,Sweater,1010016,Solid,43,Dark Red
519847025,519847,1610,Jupiter v-neck,Sweater,1010010,Melange,81,Light Turquoise
520427009,520427,3611,X-mas Pattern 5p socks,Socks,1010001,All over pattern,43,Dark Red
520508002,520508,1660,VELOUR hoodie,Sweater,1010016,Solid,9,Black
520509001,520509,1660,VELOUR jogger,Trousers,1010010,Melange,7,Grey
520829001,520829,1636,Mo,Vest top,1010016,Solid,92,Green
521269001,521269,1647,Sirpa mockneck,Sweater,1010016,Solid,9,Black
521302004,521302,1626,Make the boys wink,Sweater,1010010,Melange,7,Grey
522374002,522374,1646,Candice,Sweater,1010016,Solid,51,Light Pink
522398021,522398,1636,Vincent,Top,1010001,All over pattern,6,Light Grey
522398053,522398,1636,Vincent (1),Top,1010001,All over pattern,73,Dark Blue
522398057,522398,1636,Vincent (1),Top,1010001,All over pattern,42,Red
522398064,522398,1636,Vincent,Top,1010001,All over pattern,73,Dark Blue
522398065,522398,1636,Vincent,Top,1010001,All over pattern,51,Light Pink
522725014,522725,1334,Ginger Hip Ch. Pet. Low 3p,Underwear bottom,1010016,Solid,9,Black
522754002,522754,5956,Snake fancy denim,Trousers,1010018,Treatment,9,Black
522918006,522918,1344,Lily dress W,Dress,1010016,Solid,9,Black
522918041,522918,1344,Lily dress W,Dress,1010001,All over pattern,73,Dark Blue
523150002,523150,1666,Palma plizze,Vest top,1010001,All over pattern,12,Light Beige
523404026,523404,8559,Howie Shorts,Shorts,1010016,Solid,73,Dark Blue
523488001,523488,4343,10p Large terry,Hair ties,1010016,Solid,9,Black
523489001,523489,4343,10p Jersey Terry,Hair string,1010016,Solid,9,Black
523489013,523489,4343,10p Jersey Terry,Hair string,1010016,Solid,13,Beige
523489015,523489,4343,10p Jersey Terry,Hair string,1010016,Solid,31,Light Orange
523490002,523490,4343,5p Plastic Terry,Hair ties,1010019,Transparent,17,Yellowish Brown
523490003,523490,4343,5p Plastic Terry,Hair ties,1010019,Transparent,2,Transparent
523490004,523490,4343,5p Plastic Terry,Hair string,1010019,Transparent,51,Light Pink
523490007,523490,4343,5p Plastic Terry,Hair ties,1010016,Solid,53,Dark Pink
523756001,523756,1723,Blackberry shorts,Shorts,1010016,Solid,14,Dark Beige
523936032,523936,9989,JAKE WOVEN TRS,Pyjama bottom,1010004,Check,9,Black
524061003,524061,1773,s,Skirt,1010023,Denim,9,Black
524529001,524529,1647,Olga Tank TVP,Vest top,1010016,Solid,19,Greenish Khaki
524529002,524529,1647,Olga Tank TVP,Vest top,1010016,Solid,51,Light Pink
524529004,524529,1647,Olga Tank TVP,Vest top,1010016,Solid,9,Black
524529006,524529,1647,Olga Tank TVP,Vest top,1010016,Solid,22,Yellow
